Workbook
Name Cycles: '설정'!$D$4:$D$9
Name Kinds: '설정'!$C$4:$C$16
Name People: '설정'!$B$4:$B$9
Name States: '설정'!$E$4:$E$8

Sheet 시작하기
B2: 가족용 보험 증권 정리표
B3: “상담 전에 현재 가입 내용을 정리해요”
B4: 매미 우는 오후 테마
B6: 사용 순서
B7: 1 | C7: ‘설정’ 시트에서 대상(사람) 이름을 우리 가족·사업장에 맞게 바꿔요.
B8: 2 | C8: ‘정리표’에 가입한 보험을 한 줄에 하나씩 적어요. 보험료·납입주기를 적으면 월 환산 금액이 자동으로 나와요.
B9: 3 | C9: 만기일을 적으면 ‘만기까지’ 칸이 자동으로 계산되고, 90일 이내는 노랗게, 30일 이내는 붉게 표시돼요.
B10: 4 | C10: ‘요약’에서 대상별·종류별 월 보험료와 만기 일정을 한눈에 볼 수 있어요.
B11: 5 | C11: ‘보장 체크’는 증권·약관을 보며 직접 표시하는 점검표예요.
B13: 이 양식은 가입 내용을 스스로 정리하기 위한 것이며 보험 가입을 권유하거나 보장의 적정성을 판단하지 않아요. 정확한 내용은 증권과 약관, 가입한 보험회사에서 확인하세요.
B14: 주민등록번호·계좌번호 같은 민감한 정보는 적지 않는 것을 권해요. 증권 번호 대신 ‘보관 위치’를 적어 두세요.
B16: 우체국보험 상담 안내 · 자유롭게 고쳐 쓰세요

Sheet 정리표
A1: 가족용 보험 증권 정리표
A2: “상담 전에 현재 가입 내용을 정리해요”
B3: 유지 중인 건수 | E3: 월 환산 보험료 합계 | H3: 만기 30일 이내 | K3: 만기 90일 이내
B4: =COUNTIF($K$6:$K$55,"유지") -> 0 | E4: =SUM($J$6:$J$55) -> 0 | H4: =COUNTIFS($L$6:$L$55,">=0",$L$6:$L$55,"<=30") -> 0 | K4: =COUNTIFS($L$6:$L$55,">=0",$L$6:$L$55,"<=90") -> 0
A5: No | B5: 대상 | C5: 보험회사 | D5: 상품명 | E5: 종류 | F5: 가입일 | G5: 만기일 | H5: 납입주기 | I5: 보험료(원) | J5: 월 환산(원) | K5: 상태 | L5: 만기까지 | M5: 주요 보장·특이사항 | N5: 보관 위치
A6: 1 | B6: 아빠 | C6: 우체국 | D6: 예시 상품(지우고 쓰세요) | E6: 건강·질병 | F6: 44635 | G6: 51940 | H6: 월납 | I6: 52000 | J6: =IF(OR(I6="",K6<>"유지"),0,IF(H6="월납",I6,IF(H6="3개월납",I6/3,IF(H6="6개월납",I6/6,IF(H6="연납",I6/12,0))))) -> 0 | K6: 유지 | L6: =IF(OR(G6="",K6<>"유지"),"",G6-TODAY()) -> 0 | M6: 예시 | N6: 서랍 파일 1번
A7: 2 | B7: 엄마 | C7: 예시 보험사 | D7: 예시 상품 B | E7: 실손의료 | F7: 45108 | G7: 46387 | H7: 월납 | I7: 18000 | J7: =IF(OR(I7="",K7<>"유지"),0,IF(H7="월납",I7,IF(H7="3개월납",I7/3,IF(H7="6개월납",I7/6,IF(H7="연납",I7/12,0))))) -> 0 | K7: 유지 | L7: =IF(OR(G7="",K7<>"유지"),"",G7-TODAY()) -> 0 | M7: 예시 | N7: 스마트폰 사진
A8: 3 | B8: 첫째 | C8: 우체국 | D8: 예시 상품 C | E8: 연금 | F8: 43789 | G8: 54747 | H8: 연납 | I8: 600000 | J8: =IF(OR(I8="",K8<>"유지"),0,IF(H8="월납",I8,IF(H8="3개월납",I8/3,IF(H8="6개월납",I8/6,IF(H8="연납",I8/12,0))))) -> 0 | K8: 유지 | L8: =IF(OR(G8="",K8<>"유지"),"",G8-TODAY()) -> 0 | M8: 예시
A9: 4 | J9: =IF(OR(I9="",K9<>"유지"),0,IF(H9="월납",I9,IF(H9="3개월납",I9/3,IF(H9="6개월납",I9/6,IF(H9="연납",I9/12,0))))) -> 0 | L9: =IF(OR(G9="",K9<>"유지"),"",G9-TODAY()) -> 0
A10: 5 | J10: =IF(OR(I10="",K10<>"유지"),0,IF(H10="월납",I10,IF(H10="3개월납",I10/3,IF(H10="6개월납",I10/6,IF(H10="연납",I10/12,0))))) -> 0 | L10: =IF(OR(G10="",K10<>"유지"),"",G10-TODAY()) -> 0
A11: 6 | J11: =IF(OR(I11="",K11<>"유지"),0,IF(H11="월납",I11,IF(H11="3개월납",I11/3,IF(H11="6개월납",I11/6,IF(H11="연납",I11/12,0))))) -> 0 | L11: =IF(OR(G11="",K11<>"유지"),"",G11-TODAY()) -> 0
A12: 7 | J12: =IF(OR(I12="",K12<>"유지"),0,IF(H12="월납",I12,IF(H12="3개월납",I12/3,IF(H12="6개월납",I12/6,IF(H12="연납",I12/12,0))))) -> 0 | L12: =IF(OR(G12="",K12<>"유지"),"",G12-TODAY()) -> 0
A13: 8 | J13: =IF(OR(I13="",K13<>"유지"),0,IF(H13="월납",I13,IF(H13="3개월납",I13/3,IF(H13="6개월납",I13/6,IF(H13="연납",I13/12,0))))) -> 0 | L13: =IF(OR(G13="",K13<>"유지"),"",G13-TODAY()) -> 0
A14: 9 | J14: =IF(OR(I14="",K14<>"유지"),0,IF(H14="월납",I14,IF(H14="3개월납",I14/3,IF(H14="6개월납",I14/6,IF(H14="연납",I14/12,0))))) -> 0 | L14: =IF(OR(G14="",K14<>"유지"),"",G14-TODAY()) -> 0
A15: 10 | J15: =IF(OR(I15="",K15<>"유지"),0,IF(H15="월납",I15,IF(H15="3개월납",I15/3,IF(H15="6개월납",I15/6,IF(H15="연납",I15/12,0))))) -> 0 | L15: =IF(OR(G15="",K15<>"유지"),"",G15-TODAY()) -> 0
A16: 11 | J16: =IF(OR(I16="",K16<>"유지"),0,IF(H16="월납",I16,IF(H16="3개월납",I16/3,IF(H16="6개월납",I16/6,IF(H16="연납",I16/12,0))))) -> 0 | L16: =IF(OR(G16="",K16<>"유지"),"",G16-TODAY()) -> 0
A17: 12 | J17: =IF(OR(I17="",K17<>"유지"),0,IF(H17="월납",I17,IF(H17="3개월납",I17/3,IF(H17="6개월납",I17/6,IF(H17="연납",I17/12,0))))) -> 0 | L17: =IF(OR(G17="",K17<>"유지"),"",G17-TODAY()) -> 0
A18: 13 | J18: =IF(OR(I18="",K18<>"유지"),0,IF(H18="월납",I18,IF(H18="3개월납",I18/3,IF(H18="6개월납",I18/6,IF(H18="연납",I18/12,0))))) -> 0 | L18: =IF(OR(G18="",K18<>"유지"),"",G18-TODAY()) -> 0
A19: 14 | J19: =IF(OR(I19="",K19<>"유지"),0,IF(H19="월납",I19,IF(H19="3개월납",I19/3,IF(H19="6개월납",I19/6,IF(H19="연납",I19/12,0))))) -> 0 | L19: =IF(OR(G19="",K19<>"유지"),"",G19-TODAY()) -> 0
A20: 15 | J20: =IF(OR(I20="",K20<>"유지"),0,IF(H20="월납",I20,IF(H20="3개월납",I20/3,IF(H20="6개월납",I20/6,IF(H20="연납",I20/12,0))))) -> 0 | L20: =IF(OR(G20="",K20<>"유지"),"",G20-TODAY()) -> 0
... A55: 50 | J55: =IF(OR(I55="",K55<>"유지"),0,IF(H55="월납",I55,IF(H55="3개월납",I55/3,IF(H55="6개월납",I55/6,IF(H55="연납",I55/12,0))))) -> 0 | L55: =IF(OR(G55="",K55<>"유지"),"",G55-TODAY()) -> 0

Sheet 요약
B1: 요약 (자동 계산)
B3: 대상별 | C3: 건수 | D3: 월 환산(원) | E3: 비중 | G3: 종류별 | H3: 건수 | I3: 월 환산(원) | J3: 비중
B4: ='설정'!B4 -> 0 | C4: =COUNTIFS('정리표'!$B$6:$B$55,B4,'정리표'!$K$6:$K$55,"유지") -> 0 | D4: =SUMIFS('정리표'!$J$6:$J$55,'정리표'!$B$6:$B$55,B4) -> 0 | E4: =IF($D$10=0,"",D4/$D$10) -> 0 | G4: ='설정'!C4 -> 0 | H4: =COUNTIFS('정리표'!$E$6:$E$55,G4,'정리표'!$K$6:$K$55,"유지") -> 0 | I4: =SUMIFS('정리표'!$J$6:$J$55,'정리표'!$E$6:$E$55,G4) -> 0 | J4: =IF($I$17=0,"",I4/$I$17) -> 0
B5: ='설정'!B5 -> 0 | C5: =COUNTIFS('정리표'!$B$6:$B$55,B5,'정리표'!$K$6:$K$55,"유지") -> 0 | D5: =SUMIFS('정리표'!$J$6:$J$55,'정리표'!$B$6:$B$55,B5) -> 0 | E5: =IF($D$10=0,"",D5/$D$10) -> 0 | G5: ='설정'!C5 -> 0 | H5: =COUNTIFS('정리표'!$E$6:$E$55,G5,'정리표'!$K$6:$K$55,"유지") -> 0 | I5: =SUMIFS('정리표'!$J$6:$J$55,'정리표'!$E$6:$E$55,G5) -> 0 | J5: =IF($I$17=0,"",I5/$I$17) -> 0
B6: ='설정'!B6 -> 0 | C6: =COUNTIFS('정리표'!$B$6:$B$55,B6,'정리표'!$K$6:$K$55,"유지") -> 0 | D6: =SUMIFS('정리표'!$J$6:$J$55,'정리표'!$B$6:$B$55,B6) -> 0 | E6: =IF($D$10=0,"",D6/$D$10) -> 0 | G6: ='설정'!C6 -> 0 | H6: =COUNTIFS('정리표'!$E$6:$E$55,G6,'정리표'!$K$6:$K$55,"유지") -> 0 | I6: =SUMIFS('정리표'!$J$6:$J$55,'정리표'!$E$6:$E$55,G6) -> 0 | J6: =IF($I$17=0,"",I6/$I$17) -> 0
B7: ='설정'!B7 -> 0 | C7: =COUNTIFS('정리표'!$B$6:$B$55,B7,'정리표'!$K$6:$K$55,"유지") -> 0 | D7: =SUMIFS('정리표'!$J$6:$J$55,'정리표'!$B$6:$B$55,B7) -> 0 | E7: =IF($D$10=0,"",D7/$D$10) -> 0 | G7: ='설정'!C7 -> 0 | H7: =COUNTIFS('정리표'!$E$6:$E$55,G7,'정리표'!$K$6:$K$55,"유지") -> 0 | I7: =SUMIFS('정리표'!$J$6:$J$55,'정리표'!$E$6:$E$55,G7) -> 0 | J7: =IF($I$17=0,"",I7/$I$17) -> 0
B8: ='설정'!B8 -> 0 | C8: =COUNTIFS('정리표'!$B$6:$B$55,B8,'정리표'!$K$6:$K$55,"유지") -> 0 | D8: =SUMIFS('정리표'!$J$6:$J$55,'정리표'!$B$6:$B$55,B8) -> 0 | E8: =IF($D$10=0,"",D8/$D$10) -> 0 | G8: ='설정'!C8 -> 0 | H8: =COUNTIFS('정리표'!$E$6:$E$55,G8,'정리표'!$K$6:$K$55,"유지") -> 0 | I8: =SUMIFS('정리표'!$J$6:$J$55,'정리표'!$E$6:$E$55,G8) -> 0 | J8: =IF($I$17=0,"",I8/$I$17) -> 0
B9: ='설정'!B9 -> 0 | C9: =COUNTIFS('정리표'!$B$6:$B$55,B9,'정리표'!$K$6:$K$55,"유지") -> 0 | D9: =SUMIFS('정리표'!$J$6:$J$55,'정리표'!$B$6:$B$55,B9) -> 0 | E9: =IF($D$10=0,"",D9/$D$10) -> 0 | G9: ='설정'!C9 -> 0 | H9: =COUNTIFS('정리표'!$E$6:$E$55,G9,'정리표'!$K$6:$K$55,"유지") -> 0 | I9: =SUMIFS('정리표'!$J$6:$J$55,'정리표'!$E$6:$E$55,G9) -> 0 | J9: =IF($I$17=0,"",I9/$I$17) -> 0
B10: 합계 | C10: =SUM(C4:C9) -> 0 | D10: =SUM(D4:D9) -> 0 | G10: ='설정'!C10 -> 0 | H10: =COUNTIFS('정리표'!$E$6:$E$55,G10,'정리표'!$K$6:$K$55,"유지") -> 0 | I10: =SUMIFS('정리표'!$J$6:$J$55,'정리표'!$E$6:$E$55,G10) -> 0 | J10: =IF($I$17=0,"",I10/$I$17) -> 0
G11: ='설정'!C11 -> 0 | H11: =COUNTIFS('정리표'!$E$6:$E$55,G11,'정리표'!$K$6:$K$55,"유지") -> 0 | I11: =SUMIFS('정리표'!$J$6:$J$55,'정리표'!$E$6:$E$55,G11) -> 0 | J11: =IF($I$17=0,"",I11/$I$17) -> 0
B12: 만기 일정 | C12: 건수 | G12: ='설정'!C12 -> 0 | H12: =COUNTIFS('정리표'!$E$6:$E$55,G12,'정리표'!$K$6:$K$55,"유지") -> 0 | I12: =SUMIFS('정리표'!$J$6:$J$55,'정리표'!$E$6:$E$55,G12) -> 0 | J12: =IF($I$17=0,"",I12/$I$17) -> 0
B13: 30일 이내 | C13: =COUNTIFS('정리표'!$L$6:$L$55,">=0",'정리표'!$L$6:$L$55,"<=30") -> 0 | G13: ='설정'!C13 -> 0 | H13: =COUNTIFS('정리표'!$E$6:$E$55,G13,'정리표'!$K$6:$K$55,"유지") -> 0 | I13: =SUMIFS('정리표'!$J$6:$J$55,'정리표'!$E$6:$E$55,G13) -> 0 | J13: =IF($I$17=0,"",I13/$I$17) -> 0
B14: 90일 이내 | C14: =COUNTIFS('정리표'!$L$6:$L$55,">=0",'정리표'!$L$6:$L$55,"<=90") -> 0 | G14: ='설정'!C14 -> 0 | H14: =COUNTIFS('정리표'!$E$6:$E$55,G14,'정리표'!$K$6:$K$55,"유지") -> 0 | I14: =SUMIFS('정리표'!$J$6:$J$55,'정리표'!$E$6:$E$55,G14) -> 0 | J14: =IF($I$17=0,"",I14/$I$17) -> 0
B15: 180일 이내 | C15: =COUNTIFS('정리표'!$L$6:$L$55,">=0",'정리표'!$L$6:$L$55,"<=180") -> 0 | G15: ='설정'!C15 -> 0 | H15: =COUNTIFS('정리표'!$E$6:$E$55,G15,'정리표'!$K$6:$K$55,"유지") -> 0 | I15: =SUMIFS('정리표'!$J$6:$J$55,'정리표'!$E$6:$E$55,G15) -> 0 | J15: =IF($I$17=0,"",I15/$I$17) -> 0
B16: 1년 이내 | C16: =COUNTIFS('정리표'!$L$6:$L$55,">=0",'정리표'!$L$6:$L$55,"<=365") -> 0 | G16: ='설정'!C16 -> 0 | H16: =COUNTIFS('정리표'!$E$6:$E$55,G16,'정리표'!$K$6:$K$55,"유지") -> 0 | I16: =SUMIFS('정리표'!$J$6:$J$55,'정리표'!$E$6:$E$55,G16) -> 0 | J16: =IF($I$17=0,"",I16/$I$17) -> 0
B17: 이미 지난 만기 | C17: =COUNTIFS('정리표'!$L$6:$L$55,"<0") -> 0 | G17: 합계 | H17: =SUM(H4:H16) -> 0 | I17: =SUM(I4:I16) -> 0

Sheet 보장 체크
B1: 보장 체크 — 증권·약관을 보며 직접 표시해요
B2: 확인한 날 | C2: 46023
B4: 보장 항목 \ 대상 | C4: ='설정'!B4 -> 0 | D4: ='설정'!B5 -> 0 | E4: ='설정'!B6 -> 0 | F4: ='설정'!B7 -> 0 | G4: ='설정'!B8 -> 0 | H4: ='설정'!B9 -> 0
B5: 사망·재해
B6: 질병 진단
B7: 암
B8: 뇌·심장
B9: 입원
B10: 수술
B11: 상해
B12: 실손의료
B13: 치매·간병
B14: 연금·노후자금
B15: 자녀·태아
B16: 배상책임
... B19: 칸을 눌러 ‘가입 확인 / 확인 필요 / 해당 없음’ 중에서 고르세요. 보장의 적정성을 판단하는 표가 아니라, 내가 가진 보험을 점검하는 메모용 표예요.

Sheet 설정
B1: 설정 — 이름을 우리 집에 맞게 바꿔요
B3: 대상(사람) | C3: 보험 종류 | D3: 납입주기 | E3: 상태
B4: 아빠 | C4: 종신 | D4: 월납 | E4: 유지
B5: 엄마 | C5: 정기 | D5: 3개월납 | E5: 실효
B6: 첫째 | C6: 건강·질병 | D6: 6개월납 | E6: 해지
B7: 둘째 | C7: 암 | D7: 연납 | E7: 만기
B8: 셋째 | C8: 상해 | D8: 일시납 | E8: 청약중
B9: 기타 | C9: 실손의료 | D9: 납입완료
C10: 연금
C11: 저축성
C12: 어린이
C13: 자동차
C14: 화재·재물
C15: 배상책임
C16: 기타
