Workbook
Name ItemNames: '단가표'!$B$4:$B$33

Sheet 견적서
B2: 견 적 서
B3: “필요한 비용만 구성했습니다”
B4: 수신 | E4: 상호
B5: 참조 | E5: 대표자
B6: 견적일 | C6: =TODAY() -> 0 | E6: 사업자번호
B7: 유효기간 | C7: 30 | D7: =IF(C6="","",C6+C7) -> 0 | E7: 연락처
B8: 건명 | C8: 일반 상품 공급 견적 | E8: 주소
B10: 견적 합계금액 | D10: =H32 -> 0
B12: No | C12: 품목 | D12: 규격·설명 | E12: 수량 | F12: 단위 | G12: 단가(원) | H12: 공급가액(원)
B13: 1 | C13: A형 상품 | D13: =IFERROR(INDEX('단가표'!$C$4:$C$33,MATCH(C13,'단가표'!$B$4:$B$33,0)),"") -> 0 | E13: 2 | F13: =IFERROR(INDEX('단가표'!$D$4:$D$33,MATCH(C13,'단가표'!$B$4:$B$33,0)),"") -> 0 | G13: =IFERROR(INDEX('단가표'!$E$4:$E$33,MATCH(C13,'단가표'!$B$4:$B$33,0)),"") -> 0 | H13: =IF(OR(E13="",G13=""),"",E13*G13) -> 0
B14: 2 | C14: B형 상품 | D14: =IFERROR(INDEX('단가표'!$C$4:$C$33,MATCH(C14,'단가표'!$B$4:$B$33,0)),"") -> 0 | E14: 4 | F14: =IFERROR(INDEX('단가표'!$D$4:$D$33,MATCH(C14,'단가표'!$B$4:$B$33,0)),"") -> 0 | G14: =IFERROR(INDEX('단가표'!$E$4:$E$33,MATCH(C14,'단가표'!$B$4:$B$33,0)),"") -> 0 | H14: =IF(OR(E14="",G14=""),"",E14*G14) -> 0
B15: 3 | C15: C형 상품 | D15: =IFERROR(INDEX('단가표'!$C$4:$C$33,MATCH(C15,'단가표'!$B$4:$B$33,0)),"") -> 0 | E15: 6 | F15: =IFERROR(INDEX('단가표'!$D$4:$D$33,MATCH(C15,'단가표'!$B$4:$B$33,0)),"") -> 0 | G15: =IFERROR(INDEX('단가표'!$E$4:$E$33,MATCH(C15,'단가표'!$B$4:$B$33,0)),"") -> 0 | H15: =IF(OR(E15="",G15=""),"",E15*G15) -> 0
B16: 4 | C16: 선물 포장 | D16: =IFERROR(INDEX('단가표'!$C$4:$C$33,MATCH(C16,'단가표'!$B$4:$B$33,0)),"") -> 0 | E16: 8 | F16: =IFERROR(INDEX('단가표'!$D$4:$D$33,MATCH(C16,'단가표'!$B$4:$B$33,0)),"") -> 0 | G16: =IFERROR(INDEX('단가표'!$E$4:$E$33,MATCH(C16,'단가표'!$B$4:$B$33,0)),"") -> 0 | H16: =IF(OR(E16="",G16=""),"",E16*G16) -> 0
B17: 5 | D17: =IFERROR(INDEX('단가표'!$C$4:$C$33,MATCH(C17,'단가표'!$B$4:$B$33,0)),"") -> 0 | F17: =IFERROR(INDEX('단가표'!$D$4:$D$33,MATCH(C17,'단가표'!$B$4:$B$33,0)),"") -> 0 | G17: =IFERROR(INDEX('단가표'!$E$4:$E$33,MATCH(C17,'단가표'!$B$4:$B$33,0)),"") -> 0 | H17: =IF(OR(E17="",G17=""),"",E17*G17) -> 0
B18: 6 | D18: =IFERROR(INDEX('단가표'!$C$4:$C$33,MATCH(C18,'단가표'!$B$4:$B$33,0)),"") -> 0 | F18: =IFERROR(INDEX('단가표'!$D$4:$D$33,MATCH(C18,'단가표'!$B$4:$B$33,0)),"") -> 0 | G18: =IFERROR(INDEX('단가표'!$E$4:$E$33,MATCH(C18,'단가표'!$B$4:$B$33,0)),"") -> 0 | H18: =IF(OR(E18="",G18=""),"",E18*G18) -> 0
B19: 7 | D19: =IFERROR(INDEX('단가표'!$C$4:$C$33,MATCH(C19,'단가표'!$B$4:$B$33,0)),"") -> 0 | F19: =IFERROR(INDEX('단가표'!$D$4:$D$33,MATCH(C19,'단가표'!$B$4:$B$33,0)),"") -> 0 | G19: =IFERROR(INDEX('단가표'!$E$4:$E$33,MATCH(C19,'단가표'!$B$4:$B$33,0)),"") -> 0 | H19: =IF(OR(E19="",G19=""),"",E19*G19) -> 0
B20: 8 | D20: =IFERROR(INDEX('단가표'!$C$4:$C$33,MATCH(C20,'단가표'!$B$4:$B$33,0)),"") -> 0 | F20: =IFERROR(INDEX('단가표'!$D$4:$D$33,MATCH(C20,'단가표'!$B$4:$B$33,0)),"") -> 0 | G20: =IFERROR(INDEX('단가표'!$E$4:$E$33,MATCH(C20,'단가표'!$B$4:$B$33,0)),"") -> 0 | H20: =IF(OR(E20="",G20=""),"",E20*G20) -> 0
B21: 9 | D21: =IFERROR(INDEX('단가표'!$C$4:$C$33,MATCH(C21,'단가표'!$B$4:$B$33,0)),"") -> 0 | F21: =IFERROR(INDEX('단가표'!$D$4:$D$33,MATCH(C21,'단가표'!$B$4:$B$33,0)),"") -> 0 | G21: =IFERROR(INDEX('단가표'!$E$4:$E$33,MATCH(C21,'단가표'!$B$4:$B$33,0)),"") -> 0 | H21: =IF(OR(E21="",G21=""),"",E21*G21) -> 0
B22: 10 | D22: =IFERROR(INDEX('단가표'!$C$4:$C$33,MATCH(C22,'단가표'!$B$4:$B$33,0)),"") -> 0 | F22: =IFERROR(INDEX('단가표'!$D$4:$D$33,MATCH(C22,'단가표'!$B$4:$B$33,0)),"") -> 0 | G22: =IFERROR(INDEX('단가표'!$E$4:$E$33,MATCH(C22,'단가표'!$B$4:$B$33,0)),"") -> 0 | H22: =IF(OR(E22="",G22=""),"",E22*G22) -> 0
B23: 11 | D23: =IFERROR(INDEX('단가표'!$C$4:$C$33,MATCH(C23,'단가표'!$B$4:$B$33,0)),"") -> 0 | F23: =IFERROR(INDEX('단가표'!$D$4:$D$33,MATCH(C23,'단가표'!$B$4:$B$33,0)),"") -> 0 | G23: =IFERROR(INDEX('단가표'!$E$4:$E$33,MATCH(C23,'단가표'!$B$4:$B$33,0)),"") -> 0 | H23: =IF(OR(E23="",G23=""),"",E23*G23) -> 0
B24: 12 | D24: =IFERROR(INDEX('단가표'!$C$4:$C$33,MATCH(C24,'단가표'!$B$4:$B$33,0)),"") -> 0 | F24: =IFERROR(INDEX('단가표'!$D$4:$D$33,MATCH(C24,'단가표'!$B$4:$B$33,0)),"") -> 0 | G24: =IFERROR(INDEX('단가표'!$E$4:$E$33,MATCH(C24,'단가표'!$B$4:$B$33,0)),"") -> 0 | H24: =IF(OR(E24="",G24=""),"",E24*G24) -> 0
B25: 13 | D25: =IFERROR(INDEX('단가표'!$C$4:$C$33,MATCH(C25,'단가표'!$B$4:$B$33,0)),"") -> 0 | F25: =IFERROR(INDEX('단가표'!$D$4:$D$33,MATCH(C25,'단가표'!$B$4:$B$33,0)),"") -> 0 | G25: =IFERROR(INDEX('단가표'!$E$4:$E$33,MATCH(C25,'단가표'!$B$4:$B$33,0)),"") -> 0 | H25: =IF(OR(E25="",G25=""),"",E25*G25) -> 0
B26: 14 | D26: =IFERROR(INDEX('단가표'!$C$4:$C$33,MATCH(C26,'단가표'!$B$4:$B$33,0)),"") -> 0 | F26: =IFERROR(INDEX('단가표'!$D$4:$D$33,MATCH(C26,'단가표'!$B$4:$B$33,0)),"") -> 0 | G26: =IFERROR(INDEX('단가표'!$E$4:$E$33,MATCH(C26,'단가표'!$B$4:$B$33,0)),"") -> 0 | H26: =IF(OR(E26="",G26=""),"",E26*G26) -> 0
B27: 15 | D27: =IFERROR(INDEX('단가표'!$C$4:$C$33,MATCH(C27,'단가표'!$B$4:$B$33,0)),"") -> 0 | F27: =IFERROR(INDEX('단가표'!$D$4:$D$33,MATCH(C27,'단가표'!$B$4:$B$33,0)),"") -> 0 | G27: =IFERROR(INDEX('단가표'!$E$4:$E$33,MATCH(C27,'단가표'!$B$4:$B$33,0)),"") -> 0 | H27: =IF(OR(E27="",G27=""),"",E27*G27) -> 0
B28: 소 계 | H28: =SUM(H13:H27) -> 0
B29: 할 인(금액 입력) | H29: 0
B30: 공 급 가 액 | H30: =H28-H29 -> 0
B31: 부 가 세 | F31: 별도 | H31: =IF(F31="별도",ROUND(H30*0.1,0),IF(F31="포함",ROUND(H30/11,0),0)) -> 0
B32: 합 계 금 액 | H32: =H30+IF(F31="별도",H31,0) -> 0
B33: 비고 | C33: • 재고 및 납기는 주문 시 확정됩니다. • 결제: 주문 시 선결제 또는 납품 후 7일 이내
B38: 믿고 맡겨 주셔서 감사합니다. · 필요한 비용만 구성했습니다

Sheet 단가표
B1: 단가표 — 자주 쓰는 품목을 적어 두세요
B3: 품목 | C3: 규격·설명 | D3: 단위 | E3: 단가(원)
B4: A형 상품 | C4: 1개 | D4: 개 | E4: 15000
B5: B형 상품 | C5: 1개 | D5: 개 | E5: 22000
B6: C형 상품 | C6: 1박스 | D6: 박스 | E6: 90000
B7: 선물 포장 | C7: 1건 | D7: 건 | E7: 3000
B8: 배송비(택배) | C8: 건당 | D8: 건 | E8: 3500
B9: 설치·조립 | C9: 1건 | D9: 건 | E9: 30000
B10: 부자재 | C10: 1세트 | D10: 세트 | E10: 8000
B11: A/S 보증 연장 | C11: 1년 | D11: 식 | E11: 20000

Sheet 사용법
B2: 일반 상품 공급 견적서
B3: “필요한 비용만 구성했습니다”
B4: 한지 등불 테마
B6: 사용 순서
B7: 1 | C7: ‘단가표’에 자주 쓰는 품목·규격·단위·단가를 적어 둬요(최대 30개).
B8: 2 | C8: ‘견적서’의 품목 칸을 누르면 목록이 나오고, 고르면 규격·단위·단가가 자동으로 들어와요. 수량만 적으세요.
B9: 3 | C9: 목록에 없는 품목은 직접 써도 돼요. 단가 칸도 직접 고칠 수 있어요.
B10: 4 | C10: 부가세는 ‘별도 / 포함 / 면세’ 중에서 고르면 합계가 자동으로 바뀌어요. 인쇄는 A4 한 장에 맞춰져 있어요.
B12: 표시된 금액·문구는 모두 예시예요. 내 사업에 맞게 고쳐 쓰세요.
B13: 사업자등록번호·연락처는 ‘견적서’에 직접 입력하세요.
B15: 우체국보험 상담 안내 · 자유롭게 고쳐 쓰세요
